mediaID,deploymentID,captureMethod,timestamp,filePath,filePublic,fileName,fileMediatype,exifData,favorite,mediaComments
1.01_L373,1.01,motionDetection,2019-08-12T09:23:00Z,https://data.csiro.au/collection/,true,1.01_L373.avi,video/x-msvideo,,,
1.01_R374,1.01,motionDetection,2019-08-12T09:23:00Z,https://data.csiro.au/collection/,true,1.01_R374.avi,video/x-msvideo,,,
1.02_L369,1.02,motionDetection,2019-08-12T09:35:00Z,https://data.csiro.au/collection/,true,1.02_L369.avi,video/x-msvideo,,,
1.02_R370,1.02,motionDetection,2019-08-12T09:35:00Z,https://data.csiro.au/collection/,true,1.02_R370.avi,video/x-msvideo,,,
1.03_L367,1.03,motionDetection,2019-08-12T09:43:00Z,https://data.csiro.au/collection/,true,1.03_L367.avi,video/x-msvideo,,,
1.03_R368,1.03,motionDetection,2019-08-12T09:43:00Z,https://data.csiro.au/collection/,true,1.03_R368.avi,video/x-msvideo,,,
1.04_L375,1.04,motionDetection,2019-08-12T09:51:00Z,https://data.csiro.au/collection/,true,1.04_L375.avi,video/x-msvideo,,,
1.04_R376,1.04,motionDetection,2019-08-12T09:51:00Z,https://data.csiro.au/collection/,true,1.04_R376.avi,video/x-msvideo,,,
1.05_L371,1.05,motionDetection,2019-08-12T09:58:00Z,https://data.csiro.au/collection/,true,1.05_L371.avi,video/x-msvideo,,,
1.05_R372,1.05,motionDetection,2019-08-12T09:58:00Z,https://data.csiro.au/collection/,true,1.05_R372.avi,video/x-msvideo,,,
1.06_L378,1.06,motionDetection,2019-08-12T10:06:00Z,https://data.csiro.au/collection/,true,1.06_L378.avi,video/x-msvideo,,,
1.06_R377,1.06,motionDetection,2019-08-12T10:06:00Z,https://data.csiro.au/collection/,true,1.06_R377.avi,video/x-msvideo,,,
2.02_L378,2.02,motionDetection,2019-08-12T11:47:00Z,https://data.csiro.au/collection/,true,2.02_L378.avi,video/x-msvideo,,,
2.03_L372,2.03,motionDetection,2019-08-12T11:57:00Z,https://data.csiro.au/collection/,true,2.03_L372.avi,video/x-msvideo,,,
2.03_R371,2.03,motionDetection,2019-08-12T11:57:00Z,https://data.csiro.au/collection/,true,2.03_R371.avi,video/x-msvideo,,,
2.04_L375,2.04,motionDetection,2019-08-12T12:05:00Z,https://data.csiro.au/collection/,true,2.04_L375.avi,video/x-msvideo,,,
2.04_R376,2.04,motionDetection,2019-08-12T12:05:00Z,https://data.csiro.au/collection/,true,2.04_R376.avi,video/x-msvideo,,,
2.05_L367,2.05,motionDetection,2019-08-12T12:12:00Z,https://data.csiro.au/collection/,true,2.05_L367.avi,video/x-msvideo,,,
2.05_R368,2.05,motionDetection,2019-08-12T12:12:00Z,https://data.csiro.au/collection/,true,2.05_R368.avi,video/x-msvideo,,,
2.06_L369,2.06,motionDetection,2019-08-12T12:18:00Z,https://data.csiro.au/collection/,true,2.06_L369.avi,video/x-msvideo,,,
2.06_R370,2.06,motionDetection,2019-08-12T12:18:00Z,https://data.csiro.au/collection/,true,2.06_R370.avi,video/x-msvideo,,,
2.07_L373,2.07,motionDetection,2019-08-12T12:24:00Z,https://data.csiro.au/collection/,true,2.07_L373.avi,video/x-msvideo,,,
2.07_R374,2.07,motionDetection,2019-08-12T12:24:00Z,https://data.csiro.au/collection/,true,2.07_R374.avi,video/x-msvideo,,,
3.01_L367,3.01,motionDetection,2019-08-12T14:12:00Z,https://data.csiro.au/collection/,true,3.01_L367.avi,video/x-msvideo,,,
3.01_R368,3.01,motionDetection,2019-08-12T14:12:00Z,https://data.csiro.au/collection/,true,3.01_R368.avi,video/x-msvideo,,,
3.02_L369,3.02,motionDetection,2019-08-12T14:07:00Z,https://data.csiro.au/collection/,true,3.02_L369.avi,video/x-msvideo,,,
3.02_R370,3.02,motionDetection,2019-08-12T14:07:00Z,https://data.csiro.au/collection/,true,3.02_R370.avi,video/x-msvideo,,,
3.03_L373,3.03,motionDetection,2019-08-12T14:00:00Z,https://data.csiro.au/collection/,true,3.03_L373.avi,video/x-msvideo,,,
3.03_R374,3.03,motionDetection,2019-08-12T14:00:00Z,https://data.csiro.au/collection/,true,3.03_R374.avi,video/x-msvideo,,,
3.04_L375,3.04,motionDetection,2019-08-12T14:17:00Z,https://data.csiro.au/collection/,true,3.04_L375.avi,video/x-msvideo,,,
3.04_R376,3.04,motionDetection,2019-08-12T14:17:00Z,https://data.csiro.au/collection/,true,3.04_R376.avi,video/x-msvideo,,,
3.05_L371,3.05,motionDetection,2019-08-12T14:21:00Z,https://data.csiro.au/collection/,true,3.05_L371.avi,video/x-msvideo,,,
3.05_R372,3.05,motionDetection,2019-08-12T14:21:00Z,https://data.csiro.au/collection/,true,3.05_R372.avi,video/x-msvideo,,,
3.06_L378,3.06,motionDetection,2019-08-12T14:25:00Z,https://data.csiro.au/collection/,true,3.06_L378.avi,video/x-msvideo,,,
3.06_R377,3.06,motionDetection,2019-08-12T14:25:00Z,https://data.csiro.au/collection/,true,3.06_R377.avi,video/x-msvideo,,,
4.01_L373,4.01,motionDetection,2019-08-12T08:05:00Z,https://data.csiro.au/collection/,true,4.01_L373.avi,video/x-msvideo,,,
4.01_R374,4.01,motionDetection,2019-08-12T08:05:00Z,https://data.csiro.au/collection/,true,4.01_R374.avi,video/x-msvideo,,,
4.02_L367,4.02,motionDetection,2019-08-12T08:15:00Z,https://data.csiro.au/collection/,true,4.02_L367.avi,video/x-msvideo,,,
4.02_R368,4.02,motionDetection,2019-08-12T08:15:00Z,https://data.csiro.au/collection/,true,4.02_R368.avi,video/x-msvideo,,,
4.03_L369,4.03,motionDetection,2019-08-12T08:24:00Z,https://data.csiro.au/collection/,true,4.03_L369.avi,video/x-msvideo,,,
4.03_R370,4.03,motionDetection,2019-08-12T08:24:00Z,https://data.csiro.au/collection/,true,4.03_R370.avi,video/x-msvideo,,,
4.08_L372,4.08,motionDetection,2019-08-12T08:29:00Z,https://data.csiro.au/collection/,true,4.08_L372.avi,video/x-msvideo,,,
4.08_R371,4.08,motionDetection,2019-08-12T08:29:00Z,https://data.csiro.au/collection/,true,4.08_R371.avi,video/x-msvideo,,,
4.11_L378,4.11,motionDetection,2019-08-12T08:33:00Z,https://data.csiro.au/collection/,true,4.11_L378.avi,video/x-msvideo,,,
4.11_R377,4.11,motionDetection,2019-08-12T08:33:00Z,https://data.csiro.au/collection/,true,4.11_R377.avi,video/x-msvideo,,,
4.12_L375,4.12,motionDetection,2019-08-12T08:56:00Z,https://data.csiro.au/collection/,true,4.12_L375.avi,video/x-msvideo,,,
4.12_R376,4.12,motionDetection,2019-08-12T08:56:00Z,https://data.csiro.au/collection/,true,4.12_R376.avi,video/x-msvideo,,,
5.02_L378,5.02,motionDetection,2019-08-12T15:37:00Z,https://data.csiro.au/collection/,true,5.02_L378.avi,video/x-msvideo,,,
5.02_R377,5.02,motionDetection,2019-08-12T15:37:00Z,https://data.csiro.au/collection/,true,5.02_R377.avi,video/x-msvideo,,,
5.03_L372,5.03,motionDetection,2019-08-12T15:42:00Z,https://data.csiro.au/collection/,true,5.03_L372.avi,video/x-msvideo,,,
5.03_R371,5.03,motionDetection,2019-08-12T15:42:00Z,https://data.csiro.au/collection/,true,5.03_R371.avi,video/x-msvideo,,,
5.07_L375,5.07,motionDetection,2019-08-12T15:49:00Z,https://data.csiro.au/collection/,true,5.07_L375.avi,video/x-msvideo,,,
5.07_R376,5.07,motionDetection,2019-08-12T15:49:00Z,https://data.csiro.au/collection/,true,5.07_R376.avi,video/x-msvideo,,,
5.08_L367,5.08,motionDetection,2019-08-12T15:53:00Z,https://data.csiro.au/collection/,true,5.08_L367.avi,video/x-msvideo,,,
5.08_R368,5.08,motionDetection,2019-08-12T15:53:00Z,https://data.csiro.au/collection/,true,5.08_R368.avi,video/x-msvideo,,,
5.11_L369,5.11,motionDetection,2019-08-12T16:05:00Z,https://data.csiro.au/collection/,true,5.11_L369.avi,video/x-msvideo,,,
5.11_R370,5.11,motionDetection,2019-08-12T16:05:00Z,https://data.csiro.au/collection/,true,5.11_R370.avi,video/x-msvideo,,,
5.13_L373,5.13,motionDetection,2019-08-12T16:11:00Z,https://data.csiro.au/collection/,true,5.13_L373.avi,video/x-msvideo,,,
6.01_L378,6.01,motionDetection,2019-08-12T13:41:00Z,https://data.csiro.au/collection/,true,6.01_L378.avi,video/x-msvideo,,,
6.01_R377,6.01,motionDetection,2019-08-12T13:41:00Z,https://data.csiro.au/collection/,true,6.01_R377.avi,video/x-msvideo,,,
6.02_L372,6.02,motionDetection,2019-08-12T13:31:00Z,https://data.csiro.au/collection/,true,6.02_L372.avi,video/x-msvideo,,,
6.02_R371,6.02,motionDetection,2019-08-12T13:31:00Z,https://data.csiro.au/collection/,true,6.02_R371.avi,video/x-msvideo,,,
6.03_L375,6.03,motionDetection,2019-08-12T13:25:00Z,https://data.csiro.au/collection/,true,6.03_L375.avi,video/x-msvideo,,,
6.03_R376,6.03,motionDetection,2019-08-12T13:25:00Z,https://data.csiro.au/collection/,true,6.03_R376.avi,video/x-msvideo,,,
6.04_L367,6.04,motionDetection,2019-08-12T13:21:00Z,https://data.csiro.au/collection/,true,6.04_L367.avi,video/x-msvideo,,,
6.04_R368,6.04,motionDetection,2019-08-12T13:21:00Z,https://data.csiro.au/collection/,true,6.04_R368.avi,video/x-msvideo,,,
6.05_L369,6.05,motionDetection,2019-08-12T13:15:00Z,https://data.csiro.au/collection/,true,6.05_L369.avi,video/x-msvideo,,,
6.05_R370,6.05,motionDetection,2019-08-12T13:15:00Z,https://data.csiro.au/collection/,true,6.05_R370.avi,video/x-msvideo,,,
6.12_L373,6.12,motionDetection,2019-08-12T13:11:00Z,https://data.csiro.au/collection/,true,6.12_L373.avi,video/x-msvideo,,,
6.12_R374,6.12,motionDetection,2019-08-12T13:11:00Z,https://data.csiro.au/collection/,true,6.12_R374.avi,video/x-msvideo,,,
7.01_L378,7.01,motionDetection,2019-08-12T08:24:00Z,https://data.csiro.au/collection/,true,7.01_L378.avi,video/x-msvideo,,,
7.01_R377,7.01,motionDetection,2019-08-12T08:24:00Z,https://data.csiro.au/collection/,true,7.01_R377.avi,video/x-msvideo,,,
7.02_L372,7.02,motionDetection,2019-08-12T08:21:00Z,https://data.csiro.au/collection/,true,7.02_L372.avi,video/x-msvideo,,,
7.02_R371,7.02,motionDetection,2019-08-12T08:21:00Z,https://data.csiro.au/collection/,true,7.02_R371.avi,video/x-msvideo,,,
7.03_L375,7.03,motionDetection,2019-08-12T08:16:00Z,https://data.csiro.au/collection/,true,7.03_L375.avi,video/x-msvideo,,,
7.03_R376,7.03,motionDetection,2019-08-12T08:16:00Z,https://data.csiro.au/collection/,true,7.03_R376.avi,video/x-msvideo,,,
7.04_L367,7.04,motionDetection,2019-08-12T08:13:00Z,https://data.csiro.au/collection/,true,7.04_L367.avi,video/x-msvideo,,,
7.04_R368,7.04,motionDetection,2019-08-12T08:13:00Z,https://data.csiro.au/collection/,true,7.04_R368.avi,video/x-msvideo,,,
7.05_L369,7.05,motionDetection,2019-08-12T08:08:00Z,https://data.csiro.au/collection/,true,7.05_L369.avi,video/x-msvideo,,,
7.05_R370,7.05,motionDetection,2019-08-12T08:08:00Z,https://data.csiro.au/collection/,true,7.05_R370.avi,video/x-msvideo,,,
7.08_L373,7.08,motionDetection,2019-08-12T08:03:00Z,https://data.csiro.au/collection/,true,7.08_L373.avi,video/x-msvideo,,,
7.08_R374,7.08,motionDetection,2019-08-12T08:03:00Z,https://data.csiro.au/collection/,true,7.08_R374.avi,video/x-msvideo,,,
8.01_L378,8.01,motionDetection,2019-08-12T10:00:00Z,https://data.csiro.au/collection/,true,8.01_L378.avi,video/x-msvideo,,,
8.01_R377,8.01,motionDetection,2019-08-12T10:00:00Z,https://data.csiro.au/collection/,true,8.01_R377.avi,video/x-msvideo,,,
8.02_L372,8.02,motionDetection,2019-08-12T10:06:00Z,https://data.csiro.au/collection/,true,8.02_L372.avi,video/x-msvideo,,,
8.02_R371,8.02,motionDetection,2019-08-12T10:06:00Z,https://data.csiro.au/collection/,true,8.02_R371.avi,video/x-msvideo,,,
8.05_L373,8.05,motionDetection,2019-08-12T10:31:00Z,https://data.csiro.au/collection/,true,8.05_L373.avi,video/x-msvideo,,,
8.05_R371,8.05,motionDetection,2019-08-12T10:31:00Z,https://data.csiro.au/collection/,true,8.05_R371.avi,video/x-msvideo,,,
8.06_L369,8.06,motionDetection,2019-08-12T10:27:00Z,https://data.csiro.au/collection/,true,8.06_L369.avi,video/x-msvideo,,,
8.06_R370,8.06,motionDetection,2019-08-12T10:27:00Z,https://data.csiro.au/collection/,true,8.06_R370.avi,video/x-msvideo,,,
8.07_L367,8.07,motionDetection,2019-08-12T10:23:00Z,https://data.csiro.au/collection/,true,8.07_L367.avi,video/x-msvideo,,,
8.07_R368,8.07,motionDetection,2019-08-12T10:23:00Z,https://data.csiro.au/collection/,true,8.07_R368.avi,video/x-msvideo,,,
8.12_L375,8.12,motionDetection,2019-08-12T10:11:00Z,https://data.csiro.au/collection/,true,8.12_L375.avi,video/x-msvideo,,,
8.12_R367,8.12,motionDetection,2019-08-12T10:11:00Z,https://data.csiro.au/collection/,true,8.12_R367.avi,video/x-msvideo,,,
9.01_L373,9.01,motionDetection,2019-08-12T11:16:00Z,https://data.csiro.au/collection/,true,9.01_L373.avi,video/x-msvideo,,,
9.01_R374,9.01,motionDetection,2019-08-12T11:16:00Z,https://data.csiro.au/collection/,true,9.01_R374.avi,video/x-msvideo,,,
9.02_L378,9.02,motionDetection,2019-08-12T11:00:00Z,https://data.csiro.au/collection/,true,9.02_L378.avi,video/x-msvideo,,,
9.02_R377,9.02,motionDetection,2019-08-12T11:00:00Z,https://data.csiro.au/collection/,true,9.02_R377.avi,video/x-msvideo,,,
9.05_L367,9.05,motionDetection,2019-08-12T11:05:00Z,https://data.csiro.au/collection/,true,9.05_L367.avi,video/x-msvideo,,,
9.05_R368,9.05,motionDetection,2019-08-12T11:05:00Z,https://data.csiro.au/collection/,true,9.05_R368.avi,video/x-msvideo,,,
9.06_L369,9.06,motionDetection,2019-08-12T11:10:00Z,https://data.csiro.au/collection/,true,9.06_L369.avi,video/x-msvideo,,,
9.06_R370,9.06,motionDetection,2019-08-12T11:10:00Z,https://data.csiro.au/collection/,true,9.06_R370.avi,video/x-msvideo,,,
9.07_L372,9.07,motionDetection,2019-08-12T10:52:00Z,https://data.csiro.au/collection/,true,9.07_L372.avi,video/x-msvideo,,,
9.07_R371,9.07,motionDetection,2019-08-12T10:52:00Z,https://data.csiro.au/collection/,true,9.07_R371.avi,video/x-msvideo,,,
9.08_L375,9.08,motionDetection,2019-08-12T10:45:00Z,https://data.csiro.au/collection/,true,9.08_L375.avi,video/x-msvideo,,,
9.08_R376,9.08,motionDetection,2019-08-12T10:45:00Z,https://data.csiro.au/collection/,true,9.08_R376.avi,video/x-msvideo,,,
10.01_L373,10.01,motionDetection,2019-08-12T12:13:00Z,https://data.csiro.au/collection/,true,10.01_L373.avi,video/x-msvideo,,,
10.01_R374,10.01,motionDetection,2019-08-12T12:13:00Z,https://data.csiro.au/collection/,true,10.01_R374.avi,video/x-msvideo,,,
10.02_L369,10.02,motionDetection,2019-08-12T12:19:00Z,https://data.csiro.au/collection/,true,10.02_L369.avi,video/x-msvideo,,,
10.02_R370,10.02,motionDetection,2019-08-12T12:19:00Z,https://data.csiro.au/collection/,true,10.02_R370.avi,video/x-msvideo,,,
10.03_L367,10.03,motionDetection,2019-08-12T12:24:00Z,https://data.csiro.au/collection/,true,10.03_L367.avi,video/x-msvideo,,,
10.03_R368,10.03,motionDetection,2019-08-12T12:24:00Z,https://data.csiro.au/collection/,true,10.03_R368.avi,video/x-msvideo,,,
10.04_L375,10.04,motionDetection,2019-08-12T12:33:00Z,https://data.csiro.au/collection/,true,10.04_L375.avi,video/x-msvideo,,,
10.04_R376,10.04,motionDetection,2019-08-12T12:33:00Z,https://data.csiro.au/collection/,true,10.04_R376.avi,video/x-msvideo,,,
10.07_L372,10.07,motionDetection,2019-08-12T12:40:00Z,https://data.csiro.au/collection/,true,10.07_L372.avi,video/x-msvideo,,,
10.07_R371,10.07,motionDetection,2019-08-12T12:40:00Z,https://data.csiro.au/collection/,true,10.07_R371.avi,video/x-msvideo,,,
10.08_L378,10.08,motionDetection,2019-08-12T12:46:00Z,https://data.csiro.au/collection/,true,10.08_L378.avi,video/x-msvideo,,,
10.08_R377,10.08,motionDetection,2019-08-12T12:46:00Z,https://data.csiro.au/collection/,true,10.08_R377.avi,video/x-msvideo,,,
10.09_L378,10.09,motionDetection,2019-08-12T14:34:00Z,https://data.csiro.au/collection/,true,10.09_L378.avi,video/x-msvideo,,,
10.09_R377,10.09,motionDetection,2019-08-12T14:34:00Z,https://data.csiro.au/collection/,true,10.09_R377.avi,video/x-msvideo,,,
10.11_L372,10.11,motionDetection,2019-08-12T14:41:00Z,https://data.csiro.au/collection/,true,10.11_L372.avi,video/x-msvideo,,,
10.11_R371,10.11,motionDetection,2019-08-12T14:41:00Z,https://data.csiro.au/collection/,true,10.11_R371.avi,video/x-msvideo,,,
10.12_L375,10.12,motionDetection,2019-08-12T15:20:00Z,https://data.csiro.au/collection/,true,10.12_L375.avi,video/x-msvideo,,,
10.12_R371,10.12,motionDetection,2019-08-12T15:20:00Z,https://data.csiro.au/collection/,true,10.12_R371.avi,video/x-msvideo,,,
10.12_R376,10.12,motionDetection,2019-08-12T15:20:00Z,https://data.csiro.au/collection/,true,10.12_R376.avi,video/x-msvideo,,,
10.13_L367,10.13,motionDetection,2019-08-12T14:53:00Z,https://data.csiro.au/collection/,true,10.13_L367.avi,video/x-msvideo,,,
10.13_R368,10.13,motionDetection,2019-08-12T14:53:00Z,https://data.csiro.au/collection/,true,10.13_R368.avi,video/x-msvideo,,,
10.14_L369,10.14,motionDetection,2019-08-12T15:02:00Z,https://data.csiro.au/collection/,true,10.14_L369.avi,video/x-msvideo,,,
10.14_R370,10.14,motionDetection,2019-08-12T15:02:00Z,https://data.csiro.au/collection/,true,10.14_R370.avi,video/x-msvideo,,,
10.15_L373,10.15,motionDetection,2019-08-12T15:10:00Z,https://data.csiro.au/collection/,true,10.15_L373.avi,video/x-msvideo,,,
10.15_R374,10.15,motionDetection,2019-08-12T15:10:00Z,https://data.csiro.au/collection/,true,10.15_R374.avi,video/x-msvideo,,,
11.01_L375,11.01,motionDetection,2019-08-12T08:06:00Z,https://data.csiro.au/collection/,true,11.01_L375.avi,video/x-msvideo,,,
11.01_R376,11.01,motionDetection,2019-08-12T08:06:00Z,https://data.csiro.au/collection/,true,11.01_R376.avi,video/x-msvideo,,,
11.02_L373,11.02,motionDetection,2019-08-12T08:11:00Z,https://data.csiro.au/collection/,true,11.02_L373.avi,video/x-msvideo,,,
11.02_R374,11.02,motionDetection,2019-08-12T08:11:00Z,https://data.csiro.au/collection/,true,11.02_R374.avi,video/x-msvideo,,,
11.03_L369,11.03,motionDetection,2019-08-12T08:15:00Z,https://data.csiro.au/collection/,true,11.03_L369.avi,video/x-msvideo,,,
11.03_R370,11.03,motionDetection,2019-08-12T08:15:00Z,https://data.csiro.au/collection/,true,11.03_R370.avi,video/x-msvideo,,,
11.04_L367,11.04,motionDetection,2019-08-12T08:19:00Z,https://data.csiro.au/collection/,true,11.04_L367.avi,video/x-msvideo,,,
11.04_R368,11.04,motionDetection,2019-08-12T08:19:00Z,https://data.csiro.au/collection/,true,11.04_R368.avi,video/x-msvideo,,,
11.05_L378,11.05,motionDetection,2019-08-12T08:25:00Z,https://data.csiro.au/collection/,true,11.05_L378.avi,video/x-msvideo,,,
11.05_R377,11.05,motionDetection,2019-08-12T08:25:00Z,https://data.csiro.au/collection/,true,11.05_R377.avi,video/x-msvideo,,,
11.06_L372,11.06,motionDetection,2019-08-12T08:31:00Z,https://data.csiro.au/collection/,true,11.06_L372.avi,video/x-msvideo,,,
11.06_R371,11.06,motionDetection,2019-08-12T08:31:00Z,https://data.csiro.au/collection/,true,11.06_R371.avi,video/x-msvideo,,,
12.02_L369,12.02,motionDetection,2019-08-12T10:37:00Z,https://data.csiro.au/collection/,true,12.02_L369.avi,video/x-msvideo,,,
12.02_R370,12.02,motionDetection,2019-08-12T10:37:00Z,https://data.csiro.au/collection/,true,12.02_R370.avi,video/x-msvideo,,,
12.03_L373,12.03,motionDetection,2019-08-12T10:44:00Z,https://data.csiro.au/collection/,true,12.03_L373.avi,video/x-msvideo,,,
12.03_R374,12.03,motionDetection,2019-08-12T10:44:00Z,https://data.csiro.au/collection/,true,12.03_R374.avi,video/x-msvideo,,,
12.04_L375,12.04,motionDetection,2019-08-12T10:48:00Z,https://data.csiro.au/collection/,true,12.04_L375.avi,video/x-msvideo,,,
12.04_R376,12.04,motionDetection,2019-08-12T10:48:00Z,https://data.csiro.au/collection/,true,12.04_R376.avi,video/x-msvideo,,,
12.05_L367,12.05,motionDetection,2019-08-12T10:29:00Z,https://data.csiro.au/collection/,true,12.05_L367.avi,video/x-msvideo,,,
12.05_R368,12.05,motionDetection,2019-08-12T10:29:00Z,https://data.csiro.au/collection/,true,12.05_R368.avi,video/x-msvideo,,,
12.06_L378,12.06,motionDetection,2019-08-12T10:25:00Z,https://data.csiro.au/collection/,true,12.06_L378.avi,video/x-msvideo,,,
12.06_R377,12.06,motionDetection,2019-08-12T10:25:00Z,https://data.csiro.au/collection/,true,12.06_R377.avi,video/x-msvideo,,,
12.11_L372,12.11,motionDetection,2019-08-12T10:14:00Z,https://data.csiro.au/collection/,true,12.11_L372.avi,video/x-msvideo,,,
12.11_R371,12.11,motionDetection,2019-08-12T10:14:00Z,https://data.csiro.au/collection/,true,12.11_R371.avi,video/x-msvideo,,,
13.02_L369,13.02,motionDetection,2019-08-12T12:32:00Z,https://data.csiro.au/collection/,true,13.02_L369.avi,video/x-msvideo,,,
13.02_R370,13.02,motionDetection,2019-08-12T12:32:00Z,https://data.csiro.au/collection/,true,13.02_R370.avi,video/x-msvideo,,,
13.03_L378,13.03,motionDetection,2019-08-12T12:52:00Z,https://data.csiro.au/collection/,true,13.03_L378.avi,video/x-msvideo,,,
13.03_R377,13.03,motionDetection,2019-08-12T12:52:00Z,https://data.csiro.au/collection/,true,13.03_R377.avi,video/x-msvideo,,,
13.04_L367,13.04,motionDetection,2019-08-12T12:48:00Z,https://data.csiro.au/collection/,true,13.04_L367.avi,video/x-msvideo,,,
13.04_R368,13.04,motionDetection,2019-08-12T12:48:00Z,https://data.csiro.au/collection/,true,13.04_R368.avi,video/x-msvideo,,,
13.05_L373,13.05,motionDetection,2019-08-12T12:43:00Z,https://data.csiro.au/collection/,true,13.05_L373.avi,video/x-msvideo,,,
13.05_R374,13.05,motionDetection,2019-08-12T12:43:00Z,https://data.csiro.au/collection/,true,13.05_R374.avi,video/x-msvideo,,,
13.06_L375,13.06,motionDetection,2019-08-12T12:39:00Z,https://data.csiro.au/collection/,true,13.06_L375.avi,video/x-msvideo,,,
13.06_R376,13.06,motionDetection,2019-08-12T12:39:00Z,https://data.csiro.au/collection/,true,13.06_R376.avi,video/x-msvideo,,,
13.08_L372,13.08,motionDetection,2019-08-12T12:56:00Z,https://data.csiro.au/collection/,true,13.08_L372.avi,video/x-msvideo,,,
13.08_R371,13.08,motionDetection,2019-08-12T12:56:00Z,https://data.csiro.au/collection/,true,13.08_R371.avi,video/x-msvideo,,,
14.01_L372,14.01,motionDetection,2019-08-12T14:46:00Z,https://data.csiro.au/collection/,true,14.01_L372.avi,video/x-msvideo,,,
14.01_R371,14.01,motionDetection,2019-08-12T14:46:00Z,https://data.csiro.au/collection/,true,14.01_R371.avi,video/x-msvideo,,,
14.02_L375,14.02,motionDetection,2019-08-12T15:12:00Z,https://data.csiro.au/collection/,true,14.02_L375.avi,video/x-msvideo,,,
14.02_R376,14.02,motionDetection,2019-08-12T15:12:00Z,https://data.csiro.au/collection/,true,14.02_R376.avi,video/x-msvideo,,,
14.03_L369,14.03,motionDetection,2019-08-12T15:25:00Z,https://data.csiro.au/collection/,true,14.03_L369.avi,video/x-msvideo,,,
14.03_R370,14.03,motionDetection,2019-08-12T15:25:00Z,https://data.csiro.au/collection/,true,14.03_R370.avi,video/x-msvideo,,,
14.06_L369,14.06,motionDetection,2019-08-12T08:12:00Z,https://data.csiro.au/collection/,true,14.06_L369.avi,video/x-msvideo,,,
14.06_R370,14.06,motionDetection,2019-08-12T08:12:00Z,https://data.csiro.au/collection/,true,14.06_R370.avi,video/x-msvideo,,,
14.11_L373,14.11,motionDetection,2019-08-12T14:53:00Z,https://data.csiro.au/collection/,true,14.11_L373.avi,video/x-msvideo,,,
14.11_R374,14.11,motionDetection,2019-08-12T14:53:00Z,https://data.csiro.au/collection/,true,14.11_R374.avi,video/x-msvideo,,,
14.12_L367,14.12,motionDetection,2019-08-12T15:05:00Z,https://data.csiro.au/collection/,true,14.12_L367.avi,video/x-msvideo,,,
14.12_R368,14.12,motionDetection,2019-08-12T15:05:00Z,https://data.csiro.au/collection/,true,14.12_R368.avi,video/x-msvideo,,,
14.13_L378,14.13,motionDetection,2019-08-12T15:20:00Z,https://data.csiro.au/collection/,true,14.13_L378.avi,video/x-msvideo,,,
14.13_R377,14.13,motionDetection,2019-08-12T15:20:00Z,https://data.csiro.au/collection/,true,14.13_R377.avi,video/x-msvideo,,,
15.01_L378,15.01,motionDetection,2019-08-12T08:16:00Z,https://data.csiro.au/collection/,true,15.01_L378.avi,video/x-msvideo,,,
15.01_R377,15.01,motionDetection,2019-08-12T08:16:00Z,https://data.csiro.au/collection/,true,15.01_R377.avi,video/x-msvideo,,,
15.02_L375,15.02,motionDetection,2019-08-12T08:20:00Z,https://data.csiro.au/collection/,true,15.02_L375.avi,video/x-msvideo,,,
15.02_R376,15.02,motionDetection,2019-08-12T08:20:00Z,https://data.csiro.au/collection/,true,15.02_R376.avi,video/x-msvideo,,,
15.05_L367,15.05,motionDetection,2019-08-12T08:27:00Z,https://data.csiro.au/collection/,true,15.05_L367.avi,video/x-msvideo,,,
15.05_R368,15.05,motionDetection,2019-08-12T08:27:00Z,https://data.csiro.au/collection/,true,15.05_R368.avi,video/x-msvideo,,,
15.07_L372,15.07,motionDetection,2019-08-12T08:43:00Z,https://data.csiro.au/collection/,true,15.07_L372.avi,video/x-msvideo,,,
15.07_R371,15.07,motionDetection,2019-08-12T08:43:00Z,https://data.csiro.au/collection/,true,15.07_R371.avi,video/x-msvideo,,,
15.12_L373,15.12,motionDetection,2019-08-12T08:39:00Z,https://data.csiro.au/collection/,true,15.12_L373.avi,video/x-msvideo,,,
15.12_R374,15.12,motionDetection,2019-08-12T08:39:00Z,https://data.csiro.au/collection/,true,15.12_R374.avi,video/x-msvideo,,,
16.01_L372,16.01,motionDetection,2019-08-12T10:22:00Z,https://data.csiro.au/collection/,true,16.01_L372.avi,video/x-msvideo,,,
16.01_R371,16.01,motionDetection,2019-08-12T10:22:00Z,https://data.csiro.au/collection/,true,16.01_R371.avi,video/x-msvideo,,,
16.02_L373,16.02,motionDetection,2019-08-12T10:28:00Z,https://data.csiro.au/collection/,true,16.02_L373.avi,video/x-msvideo,,,
16.02_R374,16.02,motionDetection,2019-08-12T10:28:00Z,https://data.csiro.au/collection/,true,16.02_R374.avi,video/x-msvideo,,,
16.03_L367,16.03,motionDetection,2019-08-12T10:39:00Z,https://data.csiro.au/collection/,true,16.03_L367.avi,video/x-msvideo,,,
16.03_R368,16.03,motionDetection,2019-08-12T10:39:00Z,https://data.csiro.au/collection/,true,16.03_R368.avi,video/x-msvideo,,,
16.04_L375,16.04,motionDetection,2019-08-12T10:48:00Z,https://data.csiro.au/collection/,true,16.04_L375.avi,video/x-msvideo,,,
16.04_R376,16.04,motionDetection,2019-08-12T10:48:00Z,https://data.csiro.au/collection/,true,16.04_R376.avi,video/x-msvideo,,,
16.05_L369,16.05,motionDetection,2019-08-12T11:00:00Z,https://data.csiro.au/collection/,true,16.05_L369.avi,video/x-msvideo,,,
16.05_R370,16.05,motionDetection,2019-08-12T11:00:00Z,https://data.csiro.au/collection/,true,16.05_R370.avi,video/x-msvideo,,,
17.08_L378,17.08,motionDetection,2019-08-12T10:53:00Z,https://data.csiro.au/collection/,true,17.08_L378.avi,video/x-msvideo,,,
17.08_R377,17.08,motionDetection,2019-08-12T10:53:00Z,https://data.csiro.au/collection/,true,17.08_R377.avi,video/x-msvideo,,,
18.01_L369,18.01,motionDetection,2019-08-12T12:33:00Z,https://data.csiro.au/collection/,true,18.01_L369.avi,video/x-msvideo,,,
18.01_R370,18.01,motionDetection,2019-08-12T12:33:00Z,https://data.csiro.au/collection/,true,18.01_R370.avi,video/x-msvideo,,,
18.02_L378,18.02,motionDetection,2019-08-12T12:38:00Z,https://data.csiro.au/collection/,true,18.02_L378.avi,video/x-msvideo,,,
18.02_R377,18.02,motionDetection,2019-08-12T12:38:00Z,https://data.csiro.au/collection/,true,18.02_R377.avi,video/x-msvideo,,,
18.03_L375,18.03,motionDetection,2019-08-12T12:46:00Z,https://data.csiro.au/collection/,true,18.03_L375.avi,video/x-msvideo,,,
18.03_R376,18.03,motionDetection,2019-08-12T12:46:00Z,https://data.csiro.au/collection/,true,18.03_R376.avi,video/x-msvideo,,,
18.04_L367,18.04,motionDetection,2019-08-12T12:50:00Z,https://data.csiro.au/collection/,true,18.04_L367.avi,video/x-msvideo,,,
18.04_R368,18.04,motionDetection,2019-08-12T12:50:00Z,https://data.csiro.au/collection/,true,18.04_R368.avi,video/x-msvideo,,,
18.07_L373,18.07,motionDetection,2019-08-12T12:54:00Z,https://data.csiro.au/collection/,true,18.07_L373.avi,video/x-msvideo,,,
18.07_R374,18.07,motionDetection,2019-08-12T12:54:00Z,https://data.csiro.au/collection/,true,18.07_R374.avi,video/x-msvideo,,,
19.01_L372,19.01,motionDetection,2019-08-12T14:42:00Z,https://data.csiro.au/collection/,true,19.01_L372.avi,video/x-msvideo,,,
19.01_R371,19.01,motionDetection,2019-08-12T14:42:00Z,https://data.csiro.au/collection/,true,19.01_R371.avi,video/x-msvideo,,,
19.02_L373,19.02,motionDetection,2019-08-12T14:44:00Z,https://data.csiro.au/collection/,true,19.02_L373.avi,video/x-msvideo,,,
19.02_R374,19.02,motionDetection,2019-08-12T14:44:00Z,https://data.csiro.au/collection/,true,19.02_R374.avi,video/x-msvideo,,,
19.03_L378,19.03,motionDetection,2019-08-12T14:55:00Z,https://data.csiro.au/collection/,true,19.03_L378.avi,video/x-msvideo,,,
19.03_R377,19.03,motionDetection,2019-08-12T14:55:00Z,https://data.csiro.au/collection/,true,19.03_R377.avi,video/x-msvideo,,,
19.04_L367,19.04,motionDetection,2019-08-12T14:49:00Z,https://data.csiro.au/collection/,true,19.04_L367.avi,video/x-msvideo,,,
19.04_R368,19.04,motionDetection,2019-08-12T14:49:00Z,https://data.csiro.au/collection/,true,19.04_R368.avi,video/x-msvideo,,,
19.05_L369,19.05,motionDetection,2019-08-12T14:59:00Z,https://data.csiro.au/collection/,true,19.05_L369.avi,video/x-msvideo,,,
19.05_R370,19.05,motionDetection,2019-08-12T14:59:00Z,https://data.csiro.au/collection/,true,19.05_R370.avi,video/x-msvideo,,,
19.08_L375,19.08,motionDetection,2019-08-12T15:03:00Z,https://data.csiro.au/collection/,true,19.08_L375.avi,video/x-msvideo,,,
19.08_R376,19.08,motionDetection,2019-08-12T15:03:00Z,https://data.csiro.au/collection/,true,19.08_R376.avi,video/x-msvideo,,,
23.01_L373,23.01,motionDetection,2019-08-12T13:22:00Z,https://data.csiro.au/collection/,true,23.01_L373.avi,video/x-msvideo,,,
23.01_R374,23.01,motionDetection,2019-08-12T13:22:00Z,https://data.csiro.au/collection/,true,23.01_R374.avi,video/x-msvideo,,,
23.02_L367,23.02,motionDetection,2019-08-12T13:28:00Z,https://data.csiro.au/collection/,true,23.02_L367.avi,video/x-msvideo,,,
23.02_R368,23.02,motionDetection,2019-08-12T13:28:00Z,https://data.csiro.au/collection/,true,23.02_R368.avi,video/x-msvideo,,,
23.03_L378,23.03,motionDetection,2019-08-12T13:31:00Z,https://data.csiro.au/collection/,true,23.03_L378.avi,video/x-msvideo,,,
23.03_R377,23.03,motionDetection,2019-08-12T13:31:00Z,https://data.csiro.au/collection/,true,23.03_R377.avi,video/x-msvideo,,,
23.04_L369,23.04,motionDetection,2019-08-12T13:35:00Z,https://data.csiro.au/collection/,true,23.04_L369.avi,video/x-msvideo,,,
23.04_R370,23.04,motionDetection,2019-08-12T13:35:00Z,https://data.csiro.au/collection/,true,23.04_R370.avi,video/x-msvideo,,,
23.06_L375,23.06,motionDetection,2019-08-12T13:46:00Z,https://data.csiro.au/collection/,true,23.06_L375.avi,video/x-msvideo,,,
23.06_R376,23.06,motionDetection,2019-08-12T13:46:00Z,https://data.csiro.au/collection/,true,23.06_R376.avi,video/x-msvideo,,,
23.09_L372,23.09,motionDetection,2019-08-12T13:13:00Z,https://data.csiro.au/collection/,true,23.09_L372.avi,video/x-msvideo,,,
23.09_R371,23.09,motionDetection,2019-08-12T13:13:00Z,https://data.csiro.au/collection/,true,23.09_R371.avi,video/x-msvideo,,,
30.01_L375,30.01,motionDetection,2019-08-12T10:04:00Z,https://data.csiro.au/collection/,true,30.01_L375.avi,video/x-msvideo,,,
30.01_R376,30.01,motionDetection,2019-08-12T10:04:00Z,https://data.csiro.au/collection/,true,30.01_R376.avi,video/x-msvideo,,,
30.02_L369,30.02,motionDetection,2019-08-12T10:08:00Z,https://data.csiro.au/collection/,true,30.02_L369.avi,video/x-msvideo,,,
30.02_R370,30.02,motionDetection,2019-08-12T10:08:00Z,https://data.csiro.au/collection/,true,30.02_R370.avi,video/x-msvideo,,,
30.03_L378,30.03,motionDetection,2019-08-12T10:13:00Z,https://data.csiro.au/collection/,true,30.03_L378.avi,video/x-msvideo,,,
30.03_R377,30.03,motionDetection,2019-08-12T10:13:00Z,https://data.csiro.au/collection/,true,30.03_R377.avi,video/x-msvideo,,,
30.04_R368,30.04,motionDetection,2019-08-12T10:16:00Z,https://data.csiro.au/collection/,true,30.04_R368.avi,video/x-msvideo,,,
30.04_L367,30.04,motionDetection,2019-08-12T10:16:00Z,https://data.csiro.au/collection/,true,30.04_L367.avi,video/x-msvideo,,,
30.05_L373,30.05,motionDetection,2019-08-12T10:20:00Z,https://data.csiro.au/collection/,true,30.05_L373.avi,video/x-msvideo,,,
30.05_R374,30.05,motionDetection,2019-08-12T10:20:00Z,https://data.csiro.au/collection/,true,30.05_R374.avi,video/x-msvideo,,,
30.06_L372,30.06,motionDetection,2019-08-12T10:23:00Z,https://data.csiro.au/collection/,true,30.06_L372.avi,video/x-msvideo,,,
30.06_R371,30.06,motionDetection,2019-08-12T10:23:00Z,https://data.csiro.au/collection/,true,30.06_R371.avi,video/x-msvideo,,,
31.01_L375,31.01,motionDetection,2019-08-12T15:25:00Z,https://data.csiro.au/collection/,true,31.01_L375.avi,video/x-msvideo,,,
31.01_R376,31.01,motionDetection,2019-08-12T15:25:00Z,https://data.csiro.au/collection/,true,31.01_R376.avi,video/x-msvideo,,,
31.02_L369,31.02,motionDetection,2019-08-12T15:29:00Z,https://data.csiro.au/collection/,true,31.02_L369.avi,video/x-msvideo,,,
31.02_R370,31.02,motionDetection,2019-08-12T15:29:00Z,https://data.csiro.au/collection/,true,31.02_R370.avi,video/x-msvideo,,,
31.03_L378,31.03,motionDetection,2019-08-12T15:31:00Z,https://data.csiro.au/collection/,true,31.03_L378.avi,video/x-msvideo,,,
31.03_R377,31.03,motionDetection,2019-08-12T15:31:00Z,https://data.csiro.au/collection/,true,31.03_R377.avi,video/x-msvideo,,,
31.04_L367,31.04,motionDetection,2019-08-12T15:34:00Z,https://data.csiro.au/collection/,true,31.04_L367.avi,video/x-msvideo,,,
31.04_R368,31.04,motionDetection,2019-08-12T15:34:00Z,https://data.csiro.au/collection/,true,31.04_R368.avi,video/x-msvideo,,,
31.05_L373,31.05,motionDetection,2019-08-12T15:39:00Z,https://data.csiro.au/collection/,true,31.05_L373.avi,video/x-msvideo,,,
31.05_R374,31.05,motionDetection,2019-08-12T15:39:00Z,https://data.csiro.au/collection/,true,31.05_R374.avi,video/x-msvideo,,,
31.06_L372,31.06,motionDetection,2019-08-12T15:45:00Z,https://data.csiro.au/collection/,true,31.06_L372.avi,video/x-msvideo,,,
31.06_R371,31.06,motionDetection,2019-08-12T15:45:00Z,https://data.csiro.au/collection/,true,31.06_R371.avi,video/x-msvideo,,,
18.08_L372,18.08,motionDetection,2019-08-12T12:58:00Z,https://data.csiro.au/collection/,true,18.08_L372.avi,video/x-msvideo,,,
18.08_R371,18.08,motionDetection,2019-08-12T12:58:00Z,https://data.csiro.au/collection/,true,18.08_R371.avi,video/x-msvideo,,,
